"","paperName","researcher","journal","citation","year"
"1","How much should we trust differences-in-differences estimates?","M Bertrand, E Duflo, S Mullainathan","The Quarterly journal of economics 119 (1), 249-275, 2004","8865","2004"
"2","Poor economics: A radical rethinking of the way to fight global poverty","AV Banerjee, A Banerjee, E Duflo","Public Affairs, 2011","2911","2011"
"3","Schooling and labor market consequences of school construction in Indonesia: Evidence from an unusual policy experiment","E Duflo","American economic review 91 (4), 795-813, 2001","1935","2001"
"4","The miracle of microfinance? Evidence from a randomized evaluation","A Banerjee, E Duflo, R Glennerster, C Kinnan","American Economic Journal: Applied Economics 7 (1), 22-53, 2015","1879","2015"
"5","Grandmothers and granddaughters: old©\age pensions and intrahousehold allocation in South Africa","E Duflo","The World Bank Economic Review 17 (1), 1-25, 2003","1830","2003"
"6","The economic lives of the poor","AV Banerjee, E Duflo","Journal of economic perspectives 21 (1), 141-168, 2007","1800","2007"
"7","Women as policy makers: Evidence from a randomized policy experiment in India","R Chattopadhyay, E Duflo","Econometrica 72 (5), 1409-1443, 2004","1703","2004"
"8","Women empowerment and economic development","E Duflo","Journal of Economic literature 50 (4), 1051-79, 2012","1519","2012"
"9","Using randomization in development economics research: A toolkit","E Duflo, R Glennerster, M Kremer","Handbook of development economics 4, 3895-3962, 2007","1470","2007"
"10","Inequality and growth: What can the data say?","AV Banerjee, E Duflo","Journal of economic growth 8 (3), 267-299, 2003","1399","2003"
"11","The role of information and social interactions in retirement plan decisions: Evidence from a randomized experiment","E Duflo, E Saez","The Quarterly journal of economics 118 (3), 815-842, 2003","1368","2003"
"12","Remedying education: Evidence from two randomized experiments in India","AV Banerjee, S Cole, E Duflo, L Linden","The Quarterly Journal of Economics 122 (3), 1235-1264, 2007","1297","2007"
"13","Growth theory through the lens of development economics","AV Banerjee, E Duflo","Handbook of economic growth 1, 473-552, 2005","1158","2005"
"14","Nudging farmers to use fertilizer: Theory and experimental evidence from Kenya","E Duflo, M Kremer, J Robinson","American economic review 101 (6), 2350-90, 2011","1008","2011"
"15","Railroads of the Raj: Estimating the impact of transportation infrastructure","D Donaldson","American Economic Review 108 (4-5), 899-934, 2018","975","2018"
"16","The diffusion of microfinance","A Banerjee, AG Chandrasekhar, E Duflo, MO Jackson","Science 341 (6144), 1236498, 2013","884","2013"
"17","Peer effects, teacher incentives, and the impact of tracking: Evidence from a randomized evaluation in Kenya","E Duflo, P Dupas, M Kremer","American Economic Review 101 (5), 1739-74, 2011","837","2011"
"18","Powerful women: does exposure reduce bias?","L Beaman, R Chattopadhyay, E Duflo, R Pande, P Topalova","The Quarterly journal of economics 124 (4), 1497-1540, 2009","820","2009"
"19","What is middle class about the middle classes around the world?","AV Banerjee, E Duflo","Journal of economic perspectives 22 (2), 3-28, 2008","740","2008"
"20","Do firms want to borrow more? Testing credit constraints using a directed lending program","AV Banerjee, E Duflo","Review of Economic Studies 81 (2), 572-607, 2014","719","2014"
"21","Participation and investment decisions in a retirement plan: The influence of colleagues¡¯ choices","E Duflo, E Saez","Journal of public Economics 85 (1), 121-148, 2002","711","2002"
"22","Intrahousehold resource allocation in Cote d'Ivoire: Social norms, separate accounts and consumption choices","E Duflo, C Udry","National Bureau of Economic Research, 2004","694","2004"
"23","Reputation effects and the limits of contracting: A study of the Indian software industry","AV Banerjee, E Duflo","The Quarterly Journal of Economics 115 (3), 989-1017, 2000","683","2000"
"24","Female leadership raises aspirations and educational attainment for girls: A policy experiment in India","L Beaman, E Duflo, R Pande, P Topalova","science 335 (6068), 582-586, 2012","642","2012"
"25","Incentives work: Getting teachers to come to school","E Duflo, R Hanna, SP Ryan","American Economic Review 102 (4), 1241-78, 2012","638","2012"
"26","On the road: Access to transportation infrastructure and economic growth in China","A Banerjee, E Duflo, N Qian","National Bureau of Economic Research, 2012","589","2012"
"27","The experimental approach to development economics","AV Banerjee, E Duflo","Annu. Rev. Econ. 1 (1), 151-178, 2009","552","2009"
"28","Dams","E Duflo, R Pande","The Quarterly Journal of Economics 122 (2), 601-646, 2007","549","2007"
"29","How high are rates of return to fertilizer? Evidence from field experiments in Kenya","E Duflo, M Kremer, J Robinson","American economic review 98 (2), 482-88, 2008","530","2008"
"30","Pitfalls of participatory programs: Evidence from a randomized evaluation in education in India","AV Banerjee, R Banerji, E Duflo, R Glennerster, S Khemani","American Economic Journal: Economic Policy 2 (1), 1-30, 2010","526","2010"
"31","A multifaceted program causes lasting progress for the very poor: Evidence from six countries","A Banerjee, E Duflo, N Goldberg, D Karlan, R Osei, W Parient¨¦, J Shapiro, ...","Science 348 (6236), 1260799, 2015","505","2015"
"32","Use of randomization in the evaluation of development effectiveness","E Duflo, M Kremer","Evaluating development effectiveness 7, 205-231, 2005","502","2005"
"33","Child health and household resources in South Africa: evidence from the old age pension program","E Duflo","American Economic Review 90 (2), 393-398, 2000","457","2000"
"34","Do labor market policies have displacement effects? Evidence from a clustered randomized experiment","B Cr¨¦pon, E Duflo, M Gurgand, R Rathelot, P Zamora","The quarterly journal of economics 128 (2), 531-580, 2013","434","2013"
"35","The impact of education on fertility and child mortality: Do fathers really matter less than mothers?","L Breierova, E Duflo","National bureau of economic research, 2004","412","2004"
"36","Addressing absence","A Banerjee, E Duflo","Journal of Economic perspectives 20 (1), 117-132, 2006","388","2006"
"37","Monitoring works: Getting teachers to come to school","E Duflo, R Hanna","National Bureau of Economic Research, 2005","381","2005"
"38","Saving incentives for low-and middle-income families: Evidence from a field experiment with H&R Block","E Duflo, W Gale, J Liebman, P Orszag, E Saez","The Quarterly Journal of Economics 121 (4), 1311-1346, 2006","378","2006"
"39","Improving immunisation coverage in rural India: clustered randomised controlled evaluation of immunisation campaigns with and without incentives","AV Banerjee, E Duflo, R Glennerster, D Kothari","Bmj 340, c2220, 2010","363","2010"
"40","Happiness on tap: Piped water adoption in urban Morocco","F Devoto, E Duflo, P Dupas, W Parient¨¦, V Pons","American Economic Journal: Economic Policy 4 (4), 68-99, 2012","356","2012"
"41","Wealth, health, and health services in rural Rajasthan","A Banerjee, A Deaton, E Duflo","American Economic Review 94 (2), 326-330, 2004","340","2004"
"42","Estimating the impact of microcredit on those who take it up: Evidence from a randomized experiment in Morocco","B Cr¨¦pon, F Devoto, E Duflo, W Parient¨¦","American Economic Journal: Applied Economics 7 (1), 123-50, 2015","319","2015"
"43","Education, HIV, and early fertility: Experimental evidence from Kenya","E Duflo, P Dupas, M Kremer","American Economic Review 105 (9), 2757-97, 2015","309","2015"
"44","School governance, teacher incentives, and pupil¨Cteacher ratios: Experimental evidence from Kenyan primary schools","E Duflo, P Dupas, M Kremer","Journal of Public Economics 123, 92-110, 2015","304","2015"
"45","Up in smoke: the influence of household behavior on the long-run impact of improved cooking stoves","R Hanna, E Duflo, M Greenstone","American Economic Journal: Economic Policy 8 (1), 80-114, 2016","302","2016"
"46","Field experiments on discrimination","M Bertrand, E Duflo","Handbook of economic field experiments 1, 309-393, 2017","283","2017"
"47","Turning a shove into a nudge? A"" labeled cash transfer"" for education","N Benhassine, F Devoto, E Duflo, P Dupas, V Pouliquen","American Economic Journal: Economic Policy 7 (3), 86-125, 2015","278","2015"
"48","Impact of microcredit in rural areas of Morocco: Evidence from a Randomized Evaluation","B Cr¨¦pon, F Devoto, E Duflo, W Parient¨¦","MIT Working paper, 2011","268","2011"
"49","Putting a band-aid on a corpse: incentives for nurses in the Indian public health care system","AV Banerjee, E Duflo, R Glennerster","Journal of the European Economic Association 6 (2-3), 487-500, 2008","265","2008"
"50","Education and HIV/AIDS prevention: evidence from a randomized evaluation in Western Kenya","E Duflo, P Dupas, M Kremer, S Sinei","The World Bank, 2006","250","2006"
"51","Marketization of household production and the EU¨CUS gap in work","RB Freeman, R Schettkat","Economic policy 20 (41), 6-50, 2005","245","2005"
"52","Long-run health impacts of income shocks: Wine and phylloxera in nineteenth-century France","A Banerjee, E Duflo, G Postel-Vinay, T Watts","The Review of Economics and Statistics 92 (4), 714-728, 2010","241","2010"
"53","Marry for what? Caste and mate selection in modern India","A Banerjee, E Duflo, M Ghatak, J Lafortune","American Economic Journal: Microeconomics 5 (2), 33-72, 2013","233","2013"
"54","Health care delivery in rural Rajasthan","A Banerjee, A Deaton, E Duflo","Economic and Political Weekly, 944-949, 2004","233","2004"
"55","Impact of reservation in Panchayati Raj: Evidence from a nationwide randomised experiment","R Chattopadhyay, E Duflo","Economic and political Weekly, 979-986, 2004","229","2004"
"56","Double/debiased machine learning for treatment and structural parameters","V Chernozhukov, D Chetverikov, M Demirer, E Duflo, C Hansen, ...","The Econometrics Journal 21 (1), C1-C68, 2018","216","2018"
"57","Being surveyed can change later behavior and related parameter estimates","AP Zwane, J Zinman, E Van Dusen, W Pariente, C Null, E Miguel, ...","Proceedings of the National Academy of Sciences 108 (5), 1821-1826, 2011","216","2011"
"58","Poor but rational","E Duflo","Understanding poverty, 367-78, 2006","215","2006"
"59","Truth-telling by third-party auditors and the response of polluting firms: Experimental evidence from India","E Duflo, M Greenstone, R Pande, N Ryan","The Quarterly Journal of Economics 128 (4), 1499-1545, 2013","213","2013"
"60","Giving credit where it is due","AV Banerjee, E Duflo","Journal of Economic Perspectives 24 (3), 61-80, 2010","213","2010"
"61","Indoor air pollution, health and economic well-being","E Duflo, M Greenstone, R Hanna","SAPI EN. S. Surveys and Perspectives Integrating Environment and Society, 2008","211","2008"
"62","The medium run effects of educational expansion: Evidence from a large school construction program in Indonesia","E Duflo","Journal of Development Economics 74 (1), 163-197, 2004","193","2004"
"63","Gossip: Identifying central individuals in a social network","A Banerjee, AG Chandrasekhar, E Duflo, MO Jackson","National Bureau of Economic Research, 2014","191","2014"
"64","Scaling up and evaluation","E Duflo","Annual World Bank Conference on Development Economics 2004, 341-369, 2004","191","2004"
"65","The miracle of microfinance","A Banerjee, E Duflo, R Glennerster, C Kinnan","Evidence from a randomized evaluation 40, 2009","176","2009"
"66","Field experiments in development economics","E Duflo","Econometric Society Monographs 42, 322, 2006","174","2006"
"67","Educational production in Europe","L Woessmann","Economic policy 20 (43), 446-504, 2005","172","2005"
"68","Gender equality in development","E Duflo","BREAD Policy Paper 11 (4), 2005","167","2005"
"69","Comparative cost-effectiveness analysis to inform policy in developing countries: a general framework with applications for education","I Dhaliwal, E Duflo, R Glennerster, C Tulloch","Education policy in developing countries, 285-338, 2013","161","2013"
"70","Why political reservations?","E Duflo","Journal of the European Economic Association 3 (2-3), 668-678, 2005","127","2005"
"71","Poor economics","E Duflo, A Banerjee","PublicAffairs, 2011","125","2011"
"72","Le d¨¦veloppement humain","E Duflo","Lutter contre la pauvret¨¦, 2010","118","2010"
"73","Unappreciated service: Performance, perceptions, and women leaders in India","E Duflo, P Topalova","Manuscript, Department of Economics, Massachusetts Institute of Technology, 2004","113","2004"
"74","Banking reform in India","A Banerjee, S Cole, E Duflo","India policy forum 1 (1), 277-332, 2004","111","2004"
"75","Peer effects and the impact of tracking: Evidence from a randomized evaluation in Kenya","E Duflo, P Dupas, M Kremer","CEPR Discussion Paper No. DP7043, 2008","108","2008"
"76","Political reservation and substantive representation: Evidence from Indian village councils","L Beaman, E Duflo, R Pande, P Topalova","India Policy Forum 2010/11, 159-191, 2010","105","2010"
"77","Poor Economics: Barefoot Hedge-fund Managers, DIY Doctors and the Surprising Truth about Life on Less Than 1 [dollar] a Day","AV Banerjee, E Duflo","Penguin Books, 2012","100","2012"
"78","Peer effects, pupil-teacher ratios, and teacher incentives: Evidence from a randomized evaluation in Kenya","E Duflo, P Dupas, M Kremer","working paper, MIT Poverty Action Lab, 2007","96","2007"
"79","Double machine learning for treatment and causal parameters","V Chernozhukov, D Chetverikov, M Demirer, E Duflo, C Hansen, ...","cemmap working paper, 2016","95","2016"
"80","Exp¨¦rience, science et lutte contre la pauvret¨¦","E Duflo","Fayard, 2009","93","2009"
"81","Additional resources versus organizational changes in education: Experimental evidence from Kenya","E Duflo, P Dupas, M Kremer","Unpublished manuscript. Abdul Latif Jameel Poverty Action Lab (JPAL<U+00A0>¡­, 2009","88","2009"
"82","Understanding technology adoption: Fertilizer in Western Kenya, preliminary results from field experiments","E Duflo, M Kremer, J Robinson","Unpublished manuscript, Massachusetts Institute of Technology, 2004","88","2004"
"83","Bank financing in India","A Banerjee, S Cole, E Duflo","India¡¯s and China¡¯s recent experience with reform and growth, 138-157, 2005","87","2005"
"84","Human values and the design of the fight against poverty","E Duflo","Tanner Lectures, 2012","86","2012"
"85","Repenser la pauvret¨¦","AV Banerjee, E Duflo","¨¦d. du Seuil, 2012","84","2012"
"86","Richard T. Ely Lecture: The Economist as Plumber","E Duflo","American Economic Review 107 (5), 1-26, 2017","83","2017"
"87","Women as Policy Makers: Evidence from a India-Wide Randomized Policy Experiment","R Chattopadhyay, E Duflo","National Bureau of Economic Research, 2001","83","2001"
"88","Bundling health insurance and microfinance in India: There cannot be adverse selection if there is no demand","A Banerjee, E Duflo, R Hornbeck","American Economic Review 104 (5), 291-97, 2014","82","2014"
"89","Institute for Financial Management and Research Centre for Micro Finance","A Banerjee, E Duflo, R Chattopadhyay, J Shapiro",NA,"82","2011"
"90","Cooking stoves, indoor air pollution and respiratory health in rural Orissa","E Duflo, M Greenstone, R Hanna","Economic and Political Weekly, 71-76, 2008","82","2008"
"91","From proof of concept to scalable policies: challenges and solutions, with an application","A Banerjee, R Banerji, J Berry, E Duflo, H Kannan, S Mukerji, M Shotland, ...","Journal of Economic Perspectives 31 (4), 73-102, 2017","75","2017"
"92","The (mis) allocation of capital","AV Banerjee, E Duflo, K Munshi","Journal of the European Economic Association 1 (2-3), 484-494, 2003","70","2003"
"93","Can institutions be reformed from within? Evidence from a randomized experiment with the Rajasthan police","AV Banerjee, R Chattopadhyay, E Duflo, D Keniston, N Singh","CEPR Discussion Paper No. DP8869, 2012","68","2012"
"94","Implications of pension plan features, information, and social interactions for retirement saving decisions","E Duflo, E Saez","Pension design and structure: New lessons from behavioral finance, 137-153, 2004","66","2004"
"95","Do credit constraints limit entrepreneurship? Heterogeneity in the returns to microfinance","AV Banerjee, E Breza, E Duflo, C Kinnan","Heterogeneity in the Returns to Microfinance (September 1, 2017). Buffett<U+00A0>¡­, 2017","65","2017"
"96","Do firms want to borrow more","A Banerjee, E Duflo","Testing Credit Constraints Using a Directed Lending Program. CEPR Discussion<U+00A0>¡­, 2004","64","2004"
"97","Poor economics: rethinking poverty & the ways to end it","AV Banerjee, E Duflo","Random House India, 2011","63","2011"
"98","Toilets can work: Short and medium run health impacts of addressing complementarities and externalities in water and sanitation","E Duflo, M Greenstone, R Guiteras, T Clasen","National Bureau of Economic Research, 2015","61","2015"
"99","Women as policy makers: Evidence from a randomized policy experiment in India","E Duflo, R Chattopadhyay","eSocialSciences Working Papers, 2016","59","2016"
"100","L'approche exp¨¦rimentale en ¨¦conomie du d¨¦veloppement","AV Banerjee, E Duflo","Revue d'¨¦conomie politique 119 (5), 691-726, 2009","57","2009"
"101","Double/debiased/neyman machine learning of treatment effects","V Chernozhukov, D Chetverikov, M Demirer, E Duflo, C Hansen, ...","American Economic Review 107 (5), 261-65, 2017","56","2017"
"102","Improving police performance in Rajasthan, India: Experimental evidence on incentives, managerial autonomy and training","A Banerjee, R Chattopadhyay, E Duflo, D Keniston, N Singh","National Bureau of Economic Research, 2012","55","2012"
"103","Can information campaigns spark local participation and improve outcomes? A study of primary education in Uttar Pradesh, India","A Banerjee, R Banerji, E Duflo, R Glennerster, S Khemani","The World Bank, 2006","55","2006"
"104","Computer-assisted learning: Evidence from a randomized experiment","L Linden, A Banerjee, E Duflo","Poverty Action Lab Paper 5, 2003","55","2003"
"105","(Dis) organization and Success in an Economics MOOC","AV Banerjee, E Duflo","American Economic Review 104 (5), 514-18, 2014","50","2014"
"106","Factors affecting non-adherence among patients diagnosed with unipolar depression in a psychiatric department of a tertiary hospital in Kolkata, India","S Banerjee, RP Varma","Depression research and treatment 2013, 2013","50","2013"
"107","The economic lives of the poor","E Duflo, A Banerjee","Journal of Economic Perspectives 21 (1), 141-167, 2007","49","2007"
"108","Nondeterminism with referential transparency in functional programming languages","FW Burton","The Computer Journal 31 (3), 243-247, 1988","48","1988"
"109","The value of regulatory discretion: Estimates from environmental inspections in India","E Duflo, M Greenstone, R Pande, N Ryan","Econometrica 86 (6), 2123-2160, 2018","47","2018"
"110","Repensar la pobreza: un giro radical en la lucha contra la desigualdad global","A Banerjee, E Duflo","Taurus, 2012","45","2012"
"111","Can information campaigns raise awareness and local participation in primary education?","A Banerjee, R Banerji, E Duflo, R Glennerster, D Kenniston, S Khemani, ...","Economic and Political Weekly, 1365-1372, 2007","45","2007"
"112","Women's leadership and policy decisions: Evidence from a nationwide randomized experiment in India","R Chattopadhyay, E Duflo","Boston University, Institute for Economic Development, 2001","44","2001"
"113","E-governance, accountability, and leakage in public programs: Experimental evidence from a financial management reform in india","A Banerjee, E Duflo, C Imbert, S Mathew, R Pande","National Bureau of Economic Research, 2016","43","2016"
"114","Mandated empowerment: handing antipoverty policy back to the poor?","AV Banerjee, E Duflo","Annals of the new York Academy of sciences 1136 (1), 333-341, 2008","43","2008"
"115","More than 1 billion people are hungry in the world","A Banerjee, E Duflo","Foreign Policy, 66-72, 2011","41","2011"
"116","Mainstreaming an effective intervention: Evidence from randomized evaluations of ¡°Teaching at the Right Level¡± in India","A Banerjee, R Banerji, J Berry, E Duflo, H Kannan, S Mukherji, ...","National Bureau of Economic Research, 2016","40","2016"
"117","Savings incentives for low-and moderate-income families in the United States: why is the saver's credit not more effective?","E Duflo, W Gale, J Liebman, P Orszag, E Saez","Journal of the European Economic Association 5 (2-3), 647-661, 2007","40","2007"
"118","Generic machine learning inference on heterogenous treatment effects in randomized experiments","V Chernozhukov, M Demirer, E Duflo, I Fernandez-Val","National Bureau of Economic Research, 2018","39","2018"
"119","Repensar la pobreza","A Banerjee, E Duflo","Un giro radical en la lucha contra la desigualdad global. Santillana<U+00A0>¡­, 2012","37","2012"
"120","Under the Thumb of History? Political institutions and the Scope for Action","AV Banerjee, E Duflo","Annu. Rev. Econ. 6 (1), 951-971, 2014","36","2014"
"121","Education and fertility: Experimental evidence from Kenya","E Duflo, P Dupas, M Kremer","Unpublished Manuscript, J-PAL/MIT. Cambridge, MA, 2010","36","2010"
"122","Grandmothers and grandaughters: the effects of old age pension on child health in south africa","E Duflo","Cambridge, Mass.: MIT, Dept. of Economics, 2000","34","2000"
"123","The nature of credit constraints: Evidence from an Indian bank","A Banerjee, E Duflo","Manuscript, MIT. Available at: http://www. chicagobooth. edu/research<U+00A0>¡­, 2001","33","2001"
"124","Using gossips to spread information: Theory and evidence from two randomized controlled trials","A Banerjee, AG Chandrasekhar, E Duflo, MO Jackson","The Review of Economic Studies 86 (6), 2453-2490, 2019","32","2019"
"125","Aging and Death under a Dollar a Day","AV Banerjee, E Duflo","Research Findings in the Economics of Aging, 169-203, 2010","31","2010"
"126","Lutter contre la pauvret¨¦: Le d¨¦veloppement humain","E Duflo",NA,"31","2010"
"127","Improving health care delivery in India","A Banerjee, E Duflo","Deaton Festshrift Conference, September, http://economics. mit. edu/files/5172, 2009","31","2009"
"128","Can e-governance reduce capture of public programs? Experimental evidence from a financial reform of India¡¯s employment guarantee","A Banerjee, E Duflo, C Imbert, S Mathew, R Pande","Accessed February 15, 2017, 2014","29","2014"
"129","The long term impacts of a ¡°Graduation¡± program: Evidence from West Bengal","A Banerjee, E Duflo, R Chattopadhyay, J Shapiro","Unpublished paper, Massachusetts Institute of Technology, Cambridge, MA, 2016","27","2016"
"130","¨¦valuer l'impact des programmes d'aide au d¨¦veloppement: le r<U+00F4>le des ¨¦valuations par assignation al¨¦atoire","E Duflo","Revue d'¨¦conomie du d¨¦veloppement 13 (2), 185-226, 2005","27","2005"
"131","Efficiency and rent seeking in local government: Evidence from randomized policy experiments in India","E Duflo, G Fischer, R Chattopadhyay","Department of Economics, Massachusetts Institute of Technology, Cambridge<U+00A0>¡­, 2005","26","2005"
"132","Industrial restructuring in Russia: early reactions fo firms to the shock of liberalization1","E Duflo, C Senik©\Leygonie","Economics of Transition 5 (1), 45-62, 1997","26","1997"
"133","Can tracking improve learning? Evidence from Kenya","E Duflo, P Dupas, M Kremer","Education Next 9 (3), 64-71, 2009","25","2009"
"134","The price is wrong","MA Bates, R Glennerster, K Gumede, E Duflo","Field Actions Science Reports. The Journal of Field Actions, 2012","24","2012"
"135","Social experiments to fight poverty","E Duflo","TED Talk, 2010","24","2010"
"136","What do banks (not) do?","A Banerjee, E Duflo","Economic and Political Weekly, 4212-4213, 2004","24","2004"
"137","Randomized evaluations of interventions in social service delivery","E Duflo, R Glennerster, M Kremer","Development Outreach 6 (1), 26-29, 2004","24","2004"
"138","Movies, margins, and marketing: Encouraging the adoption of iron-fortified salt","A Banerjee, S Barnhardt, E Duflo","Insights in the Economics of Aging, 285-306, 2015","23","2015"
"139","Up in smoke: the influence of household behavior on the long-run impact of improved cooking stoves","E Duflo, M Greenstone, R Hanna","NBER Working Paper 18033, 2012","23","2012"
"140","Monitoring Works: Getting Teachers to Come to School. NBER Working Paper No. 11880.","E Duflo, R Hanna","National Bureau of Economic Research, 2005","23","2005"
"141","Cognitive science in the field: A preschool intervention durably enhances intuitive but not formal mathematics","MR Dillon, H Kannan, JT Dean, ES Spelke, E Duflo","Science 357 (6346), 47-55, 2017","22","2017"
"142","Women politicians, gender bias, and policy-making in rural India","L Beaman, E Duflo, R Pande, P Topalova","Unknown Publisher, 2006","22","2006"
"143","Come play with me: Experimental evidence of information diffusion about rival goods","A Banerjee, E Breza, AG Chandrasekhar, E Duflo, M Jackson","Work in Progress, 2012","21","2012"
"144","Politics as a male domain and empowerment in India","L Beaman, R Pande, A Cirone","The impact of gender quotas 13, 2012","21","2012"
"145","Evaluating the impact of development aid programmes: the role of randomised evaluations","E Duflo","Development Aid: Why and How? Towards strategies for effectiveness, 2005","21","2005"
"146","What does reputation buy? differentiation in a market for third-party auditors","E Duflo, M Greenstone, R Pande, N Ryan","American Economic Review 103 (3), 314-19, 2013","20","2013"
"147","Bank Finance in India","AV Banerjee, S Cole, E Duflo","In, 2005","19","2005"
"148","Implications of information and social interactions for retirement saving decisions","E Duflo, E Saez","Pension Research Council 13, 1-28, 2003","19","2003"
"149","Handbook of development economics","E Duflo, R Glennerster, M Kremer, TP Schultz, J Strauss","North Holland 4, 3895-962, 2007","18","2007"
"150","Intrahousehold resource allocation in Cote D'Ivoire: Social norms, separate accounts and consumption choices","CR Udry, E Duflo","Yale School of Management Working Papers, 2004","18","2004"
"151","Handbook of Field Experiments","E Duflo, A Banerjee","Elsevier, 2017","17","2017"
"152","Default and punishment: Incentives and lending behavior in Indian banks","A Banerjee, S Cole, E Duflo","Manuscript. Harvard Business School, 2009","17","2009"
"153","Changes in social network structure in response to exposure to formal credit markets","AV Banerjee, AG Chandrasekhar, E Duflo, MO Jackson","Available at SSRN 3245656, 2018","16","2018"
"154","Balancing growth with equity: the view from Development","E Duflo","trabajo preparado para The Jackson Hole 2011 symposium, 2011","16","2011"
"155","Peer effects, teacher incentives, and the impact of tracking","M Kremer, E Duflo, P Dupas","American Economic Review 101 (5 (August 2011)), 2011","16","2011"
"156","Inequality and growth","AV Banerjee, E Duflo","National Bureau of Economic Research, 2000","16","2000"
"157","Entry, exit and candidate selection: Evidence from India","AV Banerji, C Imbert, R Pande",NA,"15","2013"
"158","Is decentralized iron fortification a feasible option to fight anemia among the poorest?","A Banerjee, E Duflo, R Glennerster","Explorations in the Economics of Aging, 317-344, 2011","14","2011"
"159","Can iron-fortified salt control anemia? Evidence from two experiments in rural Bihar","A Banerjee, S Barnhardt, E Duflo","Journal of Development Economics 133, 127-146, 2018","13","2018"
"160","Microcr¨¦dit, miracle ou d¨¦sastre?","E Duflo","Problemes Economiques, 10, 2011","13","2011"
"161","Handbook of Field Experiments","AV Banerjee, E Duflo, JM Gueron, S Athey, GW Imbens, S Chassang, ...","Elsevier North Holland, 2017","12","2017"
"162","The miracle of microfinance","E Duflo, A Banerjee, R Glennerster, CG Kinnan","Evidence from a Randomized Evaluation, 2013","12","2013"
"163","Community involvement in public goods provision: Evidence from a field experiment in Ghana","TF Walker","International Growth Centre. Working Paper 11 (0069), 1-28, 2011","12","2011"
"164","Microcredit is not the enemy","A Banerjee, P Bardhan, E Duflo, E Field, D Karlan, A Khwaja, ...","Financial Times 13, 2010","12","2010"
"165","M. Kremer, 2007,¡°Using Randomization in Development Economics Research: A Tool Kit,¡±","E Duflo, R Glennerster","Centre for Economic Policy Research, 0","12",NA
"166","The efficient deployment of police resources: theory and new evidence from a randomized drunk driving crackdown in India","A Banerjee, E Duflo, D Keniston, N Singh","National Bureau of Economic Research Working Paper Series, 2019","11","2019"
"167","The influence of randomized controlled trials on development economics research and on development policy","AV Banerjee, E Duflo, M Kremer","The State of Economics, The State of the World Conference at the World Bank, 2016","11","2016"
"168","Understanding Technology Adoption: Fertilizer in Western Kenya","E Duflo, M Kremer, J Robinson",NA,"11","2005"
"169","Use of Randomization in the Evaluation of Development Effectiveness: Paper Prepared for the World Bank Operations Evaluation Department (OED) Conference on Evaluation and<U+00A0>¡­","E Duflo, M Kremer","World Bank, 2003","11","2003"
"170","Poor economics: Pl<U+00E4>doyer f¨¹r ein neues Verst<U+00E4>ndnis von Armut","AV Banerjee, E Duflo","Albrecht Knaus Verlag, 2012","10","2012"
"171","Improving access to urban services for the poor","E Duflo, S Galiani, M Mobarak","Edited by Jasmine Shah. Cambridge, Massachusetts. https://www. google. co<U+00A0>¡­, 2012","10","2012"
"172","Comparative cost-effectiveness to inform policy in developing countries","I Dhaliwal, E Duflo, R Glennerster, C Tulloch","Unpublished manuscript, Abdul Latif Jameel Poverty Action Lab, MIT, 2011","10","2011"
"173","Help microfinance, don¡¯t kill it","A Banerjee, P Bardhan, E Duflo, E Field, D Karlan, A Khwaja, ...","Indian Express, 2010","10","2010"
"174","The value of discretion in the enforcement of regulation: Experimental evidence and structural estimates from environmental inspections in india","E Duflo, M Greenstone, R Pande, N Ryan","Econometrica (forthcoming), 2018","9","2018"
"175","Teaching at the right level: Evidence from randomized evaluations in India","A Banerjee, R Banerji, J Berry, E Duflo, H Kannan, S Mukherji, M Walton","NBER Working Paper, 2015","9","2015"
"176","Crime, punishment and monitoring: Deterring drunken driving in India","A Banerjee, E Duflo, D Keniston, N Singh","Manuscript. Abdul Latif Jameel Poverty Action Lab. Massachusetts Institute<U+00A0>¡­, 2012","9","2012"
"177","Wealth, health, and health services in rural Rajasthan","A Banerjee, A Deaton, E Duflo","Massachusetts Institute of Technology, 2003","9","2003"
"178","R. and Kremer, M.(2008).¡°","EG Duflo","Using Randomization in Development Economics Research: A Toolkit.¡± In<U+00A0>¡­, 0","9",NA
"179","Truth-telling by third-party auditors: Evidence from a randomized field experiment in India","E Duflo, M Greenstone, R Pande, N Ryan","21st BREAD Conference, 12-13, 2012","8","2012"
"180","L'economia dei poveri: capire la vera natura della povert¨¤ per combatterla","AV Banerjee, E Duflo","Feltrinelli, 2012","8","2012"
"181","Why aren't children learning","AV Banerjee, E Duflo","Development Outreach 13 (1), 36-44, 2011","8","2011"
"182","Nudging Farmers to Use Fertilizer: Theory and","E Duflo, M Kremer, J Robinson",NA,"8","2011"
"183","Towards an emissions trading scheme for air pollutants in india","E Duflo, M Greenstone, R Pande, N Ryan","MIT Center for Energy and Environmental Policy Research, 2010","8","2010"
"184","Using randomization in development economics research: a toolkit. Centre for Economic Policy Research","E Duflo, R Glennerster, M Kremer","Discussion Paper, 2007","8","2007"
"185","Dams","R Pande, E Duflo","National Bureau of Economic Research, 2005","8","2005"
"186","Effets du dispositif d'accompagnement ¨¤ la cr¨¦ation d'entreprise Cr¨¦aJeunes: R¨¦sultats d'une exp¨¦rience contr<U+00F4>l¨¦e","B Cr¨¦pon, E Huillery, E Duflo, W Parient¨¦, J Seban","Sciences Po publications, 2014","7","2014"
"187","Nudging Farmers to Utilize Fertilizer: Theory and Experimental Evidence from Kenya","E Duflo, M Kremer, J Robinson","CEPR Discussion Paper No. DP7402, 2009","7","2009"
"188","Targeting Efficiency: How well can we identify the poorest of the poor?","A Banerjee, E Duflo, R Chattopadhyay, J Shapiro","Institute for Financial Management and Research Centre for Micro Finance<U+00A0>¡­, 2009","7","2009"
"189","Are the monitors over-monitored: Evidence from Corruption, Vigilance, and Lending in Indian Banks","A Banerjee, S Cole, E Duflo","MIMEO, MIT, 2008","7","2008"
"190","Bank competition in India","AV Banerjee, S Cole, E Duflo","Sixth Annual Conference on Indian Economic Policy Reform, Stanford Center<U+00A0>¡­, 2005","7","2005"
"191","Banking Reform in India","S Cole, E Duflo","India Policy Forum 1, 277-332, 2004","7","2004"
"192","How Much Should We Trust Differences-in-Differences Estimation?","M Bertrand, E Duflo, S Mullainathan","NBER Working Paper 8841, 2002","7","2002"
"193","How much do existing borrowers value Microfinance? Evidence from an experiment on bundling Microcredit and insurance","A Banerjee, E Duflo, R Hornbeck","Economica 85 (340), 671-700, 2018","6","2018"
"194","Does microfinance foster business growth? The importance of entrepreneurial heterogeneity","A Banerjee, E Breza, E Duflo, C Kinnan","Unpublished manuscript, Mass. Inst. Technology, Cambridge, MA, 2014","6","2014"
"195","Nutrition, iron deficiency anemia, and the demand for iron-fortified salt: evidence from an experiment in rural Bihar","A Banerjee, S Barnhardt, E Duflo","Discoveries in the Economics of Aging, 343-384, 2013","6","2013"
"196","Do labor market policies have displacement effect? Evidence from a clustered random experiment","B Cr¨¦pon, E Duflo, M Gurgand, R Rathelot, P Zamora","Unpublished Manuscript, Centre de Recherche en ¨¦conomie et Statistique<U+00A0>¡­, 2011","6","2011"
"197","Making police reform real: The Rajasthan experiment","A Banerjee, E Duflo, D Keniston, N Singh","mimeo, Yale University, 2011","6","2011"
"198","Handbook of development economics","MA Kose, E Prasad, K Rogoff, SJ Wei, D Rodrik, MR Rosenzweig","Financial globalization and economic policies 5, 4283-4359, 2010","6","2010"
"199","Use of randomization in the evaluation of development","E Duflo, M Kremer","Reinventing foreign aid, 93-120, 2008","6","2008"
"200","Education and HIV/AIDS Prevention: Evidence from a Randomized Evaluation in Western Kenya; Background Paper to the 2007 World Development Report","EC Duflo","World Bank, Development Economics, Office of the Senior Vice President and<U+00A0>¡­, 2006","6","2006"
"201","R. & Tulloch, C.(2011). Comparative Cost-Effectiveness Analysis to Inform Policy in Developing Countries: A General Framework with Applications for Education","I Dhaliwal, EG Duflo, R Glennerster","J-PAL Working Paper, 0","6",NA
"202","i Kremer, M.(2012). School governance, teacher incentives, and pupil-teacher ratio: experimental evidence from Kenyan primary schools","E Duflo, P Dupas","NBER Working Paper 17939, 0","6",NA
"203","Poor Choices: Poverty from the Ground Level","T Besley","Foreign Aff. 91, 160, 2012","5","2012"
"204","Towards an emissions trading scheme for air pollutants in India: A Concept Note","E Duflo, R Pande, M Greenstone, N Ryan","eSocialSciences Working Papers, 2010","5","2010"
"205","Growth theory through the lens of development","AV Banerjee, E Duflo","na, 2005","5","2005"
"206","Monitoring works: getting teachers to come to school","R Hanna, E Duflo","National Bureau of Economic Research, 2005","5","2005"
"207","Efficiency and rent seeking in local governments: Evidence from randomized policy experiments in India","R Chattopadhyay, E Duflo, G Fischer","Workingpaper, MIT, 2004","5","2004"
"208","Kremer (2007)","E Duflo, P DUpas","Using Randomization in Development Economics Research: A Toolkit, 0","5",NA
"209","An introduction to the ¡°Handbook of Field Experiments.¡±","AV Banerjee, E Duflo","Handbook of economic field experiments, 1-24, 2017","4","2017"
"210","Randomized controlled trials, development economics and policy making in developing countries","E Duflo","World Bank Conference: The State of Economics, The State of the World<U+00A0>¡­, 2016","4","2016"
"211","Priced Out: Aggregate Income Shocks and School Pricing in the Chilean Voucher Market","B Feigenberg","MIT. http://economics. mit. edu/files/9300, 2015","4","2015"
"212","Unpacking the Effects of Conditional Cash Transfer Programs: Experimental Evidence from Morocco","N Benhassine, F Devoto, E Duflo, P Dupas, V Pouliquen","Unpublished manuscript, 2012","4","2012"
"213","Arm & kansrijk","AV Banerjee, E Duflo","Nieuw Amsterdam, 2012","4","2012"
"214","Marry for What? Caste and Mate Selection in Modern India","E Duflo, A Banerjee, M Ghatak, J Lafortune","eSocialSciences Working Papers, 2009","4","2009"
"215","The experimental approach to development economics","V Abhijit, A Banerjee, E Duflo","NBER Working Paper 14467, 2008","4","2008"
"216","Do firms want to borrow more? Testing credit constraints using a directed lending program. MIT working paper","A Banerjee, E Duflo, AV Banerjeet, E Dufio",NA,"4","2008"
"217","Are the Monitors Over-Monitored? Evidence from Corruption and Lending in Indian Banks","A Banerjee, S Cole, E Duflo","Mimeo: MIT, 2006","4","2006"
"218","Remedying Education: Evidence from Two Randomized Experiments","AV Banerjee, S Cole, E Duflo, L Linden","in India,¡± NBER Working Paper, 2005","4","2005"
"219","Do Firms Want to Borrow More? Testing Credit Constraints Using a Directed Lending Program","E Duflo, AV Banerjee","Massachusetts Institute of Technology, 2004","4","2004"
"220","The Impact of Education on Fertility and Child Mortality: Do Fathers Really Matter Less than Mothers?","E Duflo, L Breierova","National Bureau of Economic Research, 2004","4","2004"
"221","A Case study of corruption: canal irrigation in South India","E Duflo","MIT. Unpublished, 2003","4","2003"
"222","Poverty Action Lab","E Duflo","American Economic Journal: Economic Policy 7 (3), 2015","3","2015"
"223","(Measured) Profit is Not Welfare: Evidence from an Experiment on Bundling Microcredit and Insurance","AV Banerjee, E Duflo, R Hornbeck","CEPR Discussion Paper No. DP10146, 2014","3","2014"
"224","Pensions, taxes and the budgetary process","P Diamond","The American Economist 57 (2), 146-153, 2012","3","2012"
"225","Paternalism versus Freedom?","E Duflo","Marshall Lectures, May.[Last accessed 25 Sep 2014.] Available from URL: www<U+00A0>¡­, 2012","3","2012"
"226","Radjasthan police performence and perception intervention","A Banerjee, R Chattopadhyay, E Duflo, D Keniston","Working paper J-Pal, 2009","3","2009"
"227","The Miracle of","A Banerjee, E Duflo, R Glennerster, C Kinnan",NA,"3","2009"
"228","How to Spend 50 Billion to Make the World a Better Place (Book Review)","E Duflo","Journal of Economic Literature 45, 2007","3","2007"
"229","Amyloid precursor protein neurotrophic properties as a target to cure Alzheimer¡¯s disease","A Delacourte","European Neurological Disease, 29-30, 2006","3","2006"
"230","Education and HIV/AIDS Prevention: Evidence from a randomized evaluation in Western Kenya.¡± World Bank Policy Research Working Paper No","E Duflo, P Dupas, M Kremer, S Sinei",NA,"3","2006"
"231","Holding Teachers Accountable: Evidence from a Randomized Evaluation in India","E Duflo, R Hanna","Working Paper, MIT Poverty Action Lab, 2005","3","2005"
"232","Decentralization and political reservations in India: Some evidence","E Duflo","available at www//econ. ucsd. edu/seminars/Duflo% 20USCD_ presentation. pdf, 2003","3","2003"
"233","Intrahousehold Resource Allocation in C<U+00F4>te d¡¯Ivoire","E Duflo, C Udry, A Deaton, S Khan, E Ligon, E Saez","Social Norms, Separate Accounts and Consumption Choices.¡± National Bureau of<U+00A0>¡­, 2003","3","2003"
"234","Women as Policy Makers","R Chattopadhyay, E Duflo","op. cit, 1427, 2003","3","2003"
"235","Reflection Without Rules: Economic Methodology and Contemporary Science Theory","D Hausman","Journal of Economic Literature 39 (3), 902, 2001","3","2001"
"236","C Kinnan (2010),¡®The Miracle of Microfinance? Evidence from a Randomized Evaluation¡¯","E Duflo, A Banerjee, R Glennerster","NBER, 0","3",NA
"237","Pourquoi Payer?","MA Bates, R Glennerster, K Gumede, E Duflo","Field Actions Science Reports. The journal of field actions, 2012","2","2012"
"238","Lack of Hope and the Persistence of Poverty","E Duflo","Marshall Lecture Series, 2012","2","2012"
"239","The (not so simple) economics of lending to the poor","A Banerjee, E Duflo","Massachusetts Institute of Technology, Cambridge, MA. http://ww w<U+00A0>¡­, 2011","2","2011"
"240","Computer-assisted learning: Evidence from a randomized experiment","A Banerjee, E Duflo, L Linden","Framed Field Experiments, 2011","2","2011"
"241","Poor Economics","AV Bennerjee, E Duflo","A Radical Rethinking of the Way to Fight Global Poverty. New York: Public<U+00A0>¡­, 2011","2","2011"
"242","Re-evaluating learning","E Duflo","NBER Reporter Online, 12-15, 2009","2","2009"
"243","Experiments, Science and the Fight Against Poverty","E Duflo","Inaugural lecture at College de France 1, 2009, 2009","2","2009"
"244","Powerful Women: Does Exposure Reduce Bias?","P Topalova, E Duflo, R Pande, L Beaman, R Chattopadhyay","eSocialSciences Working Papers, 2008","2","2008"
"245","The Impact of Reservation in the Panchayati Raj","R Chattopadhyay, E Duflo","Reservation for Women, 245-269, 2008","2","2008"
"246","Aging and death under a dollar a day","E Duflo, AV Banerjee","National Bureau of Economic Research, 2007","2","2007"
"247","Chapter61usingrandomizationindevelopmenteconomicsresearch: Atoolkit","E Duflo, R Glennerster, M Kremer","Handbook ofDevelopmentEconomics 4, 2006","2","2006"
"248","How Much Should We Trust Differences-in-Differences Estimates?","S Mullainathan, M Bertrand, E Duflo","National Bureau of Economic Research, 2002","2","2002"
"249","Calcutta","R Chattopadhyay, E Duflo, WTD Acemoglu, A Banerjee, MG Dastidar, ...",NA,"2","2001"
"250","Women as Policy Makers: Evidence from a India-Wide Randomized Policy Experiment","E Duflo, R Chattopadhyay","National Bureau of Economic Research, 2001","2","2001"
"251","Public Economics","L Economics, M Bertrand, E Duflo, S Mullanaithan, HMS We","Health Economics, and the Economics of Education have, 2000","2","2000"
"252","Reputation effects and the limits of contracting: A study of the Indiam software industry. Department of Economics, Massachussetts Institute of Technology","AV Banerjee, E Duflo","Working Paper, 2000","2","2000"
"253","Essays in empirical development economics","E Duflo","Massachusetts Institute of Technology, 1999","2","1999"
"254","Industrial Restructuring in Russia. Early Reactions of Firms to the Shock of Liberalization","C Senik-Leygonie, E Duflo","DELTA Working Papers, 1995","2","1995"
"255","Abhijit Banerjee","E Duflo, S Mullainathan, D Acemoglu","Poor Economics: A Radical Rethinking of the Way to Fight Global Poverty, 0","2",NA
"256","Supplementary Material to","E Duflo, P Dupas, M Kremer",NA,"2",NA
"257","P. & Kremer, M.(2008). Peer Effects, Class Size, and Teacher Incentives: Evidence from a Randomized Evaluation in Kenya","ED Duflo",NA,"2",NA
"258","Can Microfinance Unlock a Poverty Trap for Some Entrepreneurs?","A Banerjee, E Breza, E Duflo, C Kinnan","National Bureau of Economic Research Working Paper Series, 2019","1","2019"
"259","Report of the Search Committee to Appoint a Data Editor for the AEA","E Duflo, H Hoynes","AEA Papers and Proceedings 108, 745, 2018","1","2018"
"260","Report of the Editor: American Economic Review","E Duflo","AEA Papers and Proceedings 108, 636-51, 2018","1","2018"
"261","American Economic Journal","A Banerjee, D Karlan, J Zinman, E Duflo, R Glennerster, C Kinnan, ...","Applied Economics 7 (1), 2015, 2015","1","2015"
"262","Deworming: An informed debate requires a careful look at the data","E Duflo, D Karlan","Retrieved December 16, 2015, 2015","1","2015"
"263","Esther Duflo","E Duflo",NA,"1","2014"
"264","La r¨¦gulation sociale des risques de catastrophe: Ethnographie des quartiers p¨¦riph¨¦riques de La Paz","F Nathan","Graduate Institute Publications, 2012","1","2012"
"265","Empirical essays on firm behavior in India","NNJ Ryan","Massachusetts Institute of Technology, 2012","1","2012"
"266","An Anthropological Way of Doing Economics","A Sinha","Economic and Political Weekly 46 (52), 33-35, 2011","1","2011"
"267","Poor Economics: A Radical Rethinking of the Way to Fight Global Poverty","G McNicoll","Population and Development Review 37 (4), 796-797, 2011","1","2011"
"268","A Research Agenda for Development Economics","E Duflo","American Economic Association, Ten Years and Beyond: Economists Answer NSF's<U+00A0>¡­, 2011","1","2011"
"269","4. Repenser la lutte contre la pauvret¨¦","E Duflo, C Montialoux","Regards croises sur l'economie, 59-62, 2011","1","2011"
"270","Poor Economics: A Radical Rethinking of the Way to Fight Global","A Banerjee, E Duflo","Global Public Affairs Books: Estados Unidos, 2011","1","2011"
"271","The Risk of Asking: Being Surveyed Can Affect Later Behavior","AP Zwane, J Zinman, E Van Dusen, W Pariente, C Null, E Miguel, ...","Proceedings of the National Academy of Sciences of the United States of<U+00A0>¡­, 2011","1","2011"
"272","Women as policy makers: Evidence from a randomized experiment","E Duflo, R Chattopadhyay","eSocialSciences Working Papers, 2010","1","2010"
"273","Pitfalls of Participatory Programs: Evidence from a randomized evaluation in education in India","R Banerji, S Khemani","American Economic Journal: Economic Policy 2 (1), 1-30, 2010","1","2010"
"274","Marry for What: Caste and Mate Selection in Modern India","J Lafortune, A Banerjee, E Duflo, M Ghatak","National Bureau of Economic Research, 2009","1","2009"
"275","Chaire Savoirs contre pauvret¨¦. Ann¨¦e acad¨¦mique 2008-2009","E Duflo","La lettre du Coll¨¨ge de France, 5, 2009","1","2009"
"276","Pitfalls of Participatory Programs: Evidence from","AV Banerjee, R Banerji, E Duflo, R Glennerster, S Khemani",NA,"1","2008"
"277","The experimental approach to development economics","E Duflo, AV Banerjee","Centre for Economic Policy Research, 2008","1","2008"
"278","Pauvret¨¦, acc¨¨s au cr¨¦dit et d¨¦terminants de la participation ¨¤ un nouveau programme de micro cr¨¦dit dans les zones rurales du Maroc.","B Cr¨¦pon, F Devoto, E Duflo, W Parient¨¦","Document de Travail, 2008","1","2008"
"279","Understanding Technology Adoption: Fertilizer in Western Kenya Evidence from Field Experiments (PRELIMINARY AND INCOMPLETE) April 14, 2006","E Duflo, M Kremer, J Robinson","MIT, NBER, CEPR and BREAD, 2006","1","2006"
"280","Bank financing in India","SA Cole, A Banerjee, E Duflo",NA,"1","2005"
"281","American Economic Association","SD Levitt","The Journal of Economic Perspectives 18 (1), 163-190, 2004","1","2004"
"282","The Impact of Education On Fertility and Child Mortality: Do Fathers Really Matter Less than Mothers? OECD Development Centre Working Paper, No. 217 (Formerly Webdoc No. 5).","L Breierova, E Duflo","OECD Publishing (NJ1), 2003","1","2003"
"283","Bureau for Research in Economic Analysis of Development","A Banerjee, E Duflo, K Munshi",NA,"1","2003"
"284","Does more Education for the Young increase the Wages of the Old? Evidence from School Construction in Indonesia","E Duflo",NA,"1","2000"
"285","Replication data for: What Does Reputation Buy? Differentiation in a Market for Third-Party Auditors","E Duflo, M Greenstone, R Pande, N Ryan","Inter-university Consortium for Political and Social Research (ICPSR), 2019","0","2019"
"286","Replication data for: Incentives Work: Getting Teachers to Come to School","E Duflo, R Hanna, SP Ryan","Inter-university Consortium for Political and Social Research (ICPSR), 2019","0","2019"
"287","Social and Emotional Learning Programs for Adolescents.","S Rajasekaran, J Reyes, V Alves, D Bloom, D Cicchetti, J Rappaport, ...","National Center on Education and the Economy.(NJ1) 20 (1), i-xxv, 2019","0","2019"
"288","¡®Beating the Odds¡¯ versus ¡®Changing the Odds¡¯: Poverty, Resilience, and Family Policy.","S Rajasekaran, J Reyes, J Pan, JF Zaff, AE Donlan, M Ungar, M Ungar, ...","The Victoria Institute for Education, Diversity and Lifelong Learning 27 (4<U+00A0>¡­, 2019","0","2019"
"289","Report of the Editor: American Economic Review","E Duflo","AEA Papers and Proceedings 109, 612-26, 2019","0","2019"
"290","HIV prevention among youth: A randomized controlled trial of voluntary counseling and testing for HIV and male condom distribution in rural Kenya","E Duflo, P Dupas, T Ginn, GM Barasa, M Baraza, V Pouliquen, V Sharma","PloS one 14 (7), 2019","0","2019"
"291","Consumer perceptions of price, quality, and value: A means-end model and synthesis of evidence","P Lillrank, B Abel-Smith, D Acemoglu, JA Robinson, J Aherne, A Whelton, ...","The Logics of Healthcare: The Professional¡¯s Guide to Health System Science<U+00A0>¡­, 2018","0","2018"
"292","Misperceptions about immigration and support for redistribution","A Alesina, A Miano, S Stantcheva",NA,"0","2018"
"293","World Development Indicators. Online Database","AV Gevorkyan, L Abalkin, SY Witte, D Acemoglu, J Robinson, J Adam, ...","Transition Economies: Transformation, Development, and Society in Eastern<U+00A0>¡­, 2018","0","2018"
"294","Assessing Development Financial Institutions: A Public Interest Analysis","B Balkenhol, GA Akerlof, DAH Alamgir, B Armendariz, J Morduch, ...","Microfinance: Research, Debates, Policy 84 (3), 1-6, 2018","0","2018"
"295","This article has been accepted for publication and undergone full peer review but has not been through the copyediting, typesetting, pagination and proofreading process, which<U+00A0>¡­","S Liu, JH Zhang, DZ Liu, JX Zhang",NA,"0","2018"
"296","NAITRE study on the impact of conditional cash transfer on poor pregnancy outcomes in underprivileged women: protocol for a nationwide pragmatic cluster-randomised superiority<U+00A0>¡­","M Bardou, B Cr¨¦pon, AC Bertaux, A Godard-Marceaux, A Eckman-Lacroix, ...","BMJ open 7 (10), e017321, 2017","0","2017"
"297","Deal with the Devil: The Successes and Limitations of Bureaucratic Reform in India","TS Rabie, SN Towfighian, C Clark, M Cammett, AV Banerjee, E Duflo, ...","Economic Research and International Relations Area 6 (9), 99-109, 2017","0","2017"
"298","Movies, Margins, and Marketing","A Banerjee, S Barnhardt, E Duflo","Insights in the Economics of Aging, 285, 2017","0","2017"
"299","Analysis and Forecast on the Potential of China¡¯s Economic Growth","C Bai, Q Zhang, X Fei, J Zhao, M Wang, M Abramovitz, D Aigner, ...","A Research on China¡¯s Economic Growth Potential 46 (1), 1-3, 2017","0","2017"
"300","DP11881 The Economist as Plumber","E Duflo",NA,"0","2017"
"301","Education Asymmetry: Brain v. Brawn in rural Communities","A Banerjee, E Duflo",NA,"0","2017"
"302","DP11761 E-governance, Accountability, and Leakage in Public Programs: Experimental Evidence from a Financial Management Reform in India","A Banerjee, E Duflo, C Imbert, S Mathew, R Pande",NA,"0","2017"
"303","DP11762 From Proof of Concept to Scalable Policies: Challenges and Solutions, with an Application","A Banerjee, R Banerji, J Berry, E Duflo, H Kannan, S Mukerji, M Shotland, ...",NA,"0","2017"
"304","Online Appendix for","E Duflo, M Greenstone, R Pande, N Ryan",NA,"0","2016"
"305","Global Value Chains in a Changing World","R Adams, F Daniel, R Aggarwal, E Isil, W Rohan, M Agostino, ...","WTO 94 (2), 87-346, 2016","0","2016"
"306","DP11530 Mainstreaming an Effective Intervention: Evidence from Randomized Evaluations of"" Teaching at the Right Level"" in India","A Banerjee, R Banerji, J Berry, E Duflo, H Kannan, S Mukerji, M Shotland, ...",NA,"0","2016"
"307","Minutes of the Meeting of the Executive Committee: Chicago, IL, April 24, 2015","PL Rousseau","American Economic Review 106 (5), 685-90, 2016","0","2016"
"308","DP11193 Can Iron-Fortified Salt Control Anemia? Evidence from Two Experiments in Rural Bihar","A Banerjee, S Barnhardt, E Duflo",NA,"0","2016"
"309","DP11123 Field Experiments on Discrimination","M Bertrand, E Duflo",NA,"0","2016"
"310","Impacto de la pol¨ªtica social y ambiental en el consumo ante eventos clim¨¢ticos extremos de precipitaci¨®n en M¨¦xico","DA Rom¨¢n Cedillo","CATIE, Turrialba (Costa Rica), 2016","0","2016"
"311","The Long and Hidden History of the US in Somalia","R Abdulgani, FB Aboagye, I Abu Bakar, D Acemoglu, J Robinson, ...","The Economist 7 (1), 93-105, 2016","0","2016"
"312","Reform the International Monetary System","R Abdelal, MR Abouharb, D Cingranelli, M Abramovitz, M Abramovitz, ...","Global Finance and Development 46 (2), 1-18, 2015","0","2015"
"313","Urban agriculture, poverty, and food security: Empirical evidence from a sample of developing countries","G Carletto, M Ruel, P Winters, A Zezza, African Union, MA Aksoy, ...","The Journal of Development Studies 51 (8), 945-957, 2015","0","2015"
"314","Minutes of the Meeting of the Executive Committee Chicago, IL April 24, 2015","DC Bernanke, E Duflo, RS Rousseau, R Thaler, J Chevalier, D Laibson, ...",NA,"0","2015"
"315","Maryland Population Research Center","E Duflo, M Greenstone, R Guiteras, T Clasen",NA,"0","2015"
"316","250 Bibliography","A Appadurai, K DH, R Auty, RM Auty, R Bacon, W Eltis, D Baker, ...","Inclusive Growth, Development and Welfare Policy: A Critical Assessment 13<U+00A0>¡­, 2015","0","2015"
"317","A wide angle view of learning","E Duflo, J Berry, S Mukerji, M Shotland",NA,"0","2015"
"318","Hi<U+1EC3>u ngh¨¨o tho¨¢t ngh¨¨o","AV Banerjee, E Duflo","Tr<U+1EBB>, 2015","0","2015"
"319","MIT PLACEMENT OFFICER","E Duflo, ME Konomi, MT Dattilo, A Banerjee, B Olken","Macroeconomics (Undergraduate), 2015","0","2015"
"320","DP10338 Education, HIV, and Early Fertility: Experimental Evidence from Kenya","E Duflo, P Dupas, M Kremer",NA,"0","2015"
"321","DP10146 (Measured) Profit is Not Welfare: Evidence from an Experiment on Bundling Microcredit and Insurance","A Banerjee, E Duflo, R Hornbeck",NA,"0","2014"
"322","DP10123 Perceiving Prospects Properly","J Steiner, C Stewart",NA,"0","2014"
"323","August 2014","A Banerjee, E Duflo, R Hornbeck",NA,"0","2014"
"324","DP10120 Gossip: Identifying Central Individuals in a Social Network","A Banerjee, AG Chandrasekhar, E Duflo, MO Jackson",NA,"0","2014"
"325","Happiness on tap: piped water adoption in urban Morocco","T Allan, J Bartram, S Cairncross, K Onda, J LoBuglio, J Bartram, ...","Water International 39 (5), 774-784, 2014","0","2014"
"326","DP9997 Under the Thumb of History? Political Institutions and the Scope for Action","A Banerjee, E Duflo",NA,"0","2014"
"327","Profit is Not Welfare: Evidence from an Experiment on Bundling Credit and Insurance","A Banerjee, E Duflo, R Hornbeck","J-Pal Working Paper, MIT, Cambridge MA, 2014","0","2014"
"328","DP9984 Estimating the impact of microcredit on those who take it up: Evidence from a randomized experiment in Morocco","B Cr¨¦pon, F Devoto, E Duflo, W Parient¨¦",NA,"0","2014"
"329","Minutes of the Meeting of the Executive Committee Chicago, IL April 17, 2014","E Duflo, S Durlauf, A Finkelstein, P Goldberg, C Goldin, G Imbens, ...",NA,"0","2014"
"330","19 EDITOR¡¯S JOURNAL","A Banerjee, E Duflo",NA,"0","2014"
"331","MIT PLACEMENT OFFICER","B Olken, MB Shuster, E Duflo, D Donaldson, A Banerjee","Public Policy, 2014","0","2014"
"332","Financial Capability and the Poor: Are We Missing the Mark?","T Abdel Aziz, G Berg, M Abreu, V Mendes, D Acemoglu, S Johnson, ...","World Bank 10 (5), 151-204, 2013","0","2013"
"333","Volume 128 November 2013 Issue 4","JS HASTINGS, JM SHAPIRO, E DUFLO, M GREENSTONE, R PANDE, ...",NA,"0","2013"
"334","TURNING A SHOVE INTO A NUDGE? A ¡°LABELED CASH TRANSFER¡± FOR EDUCATION Najy Benhassine Florencia Devoto","E Duflo, P Dupas, V Pouliquen",NA,"0","2013"
"335","Report of the Editor: American Economic Journal: Applied Economics","E Duflo","American Economic Review 103 (3), 719-22, 2013","0","2013"
"336","Minutes of the Meeting of the Executive Committee Chicago, IL April 12, 2013","HROH Hotel, JC Auerbach, E Duflo, R Fernandez, A Finkelstein, ...",NA,"0","2013"
"337","Poor Economics: Rethinking Poverty and the Ways to End it","U Qayyum","The Pakistan Development Review 52 (1), 89-91, 2013","0","2013"
"338","DP9437 The miracle of microfinance? Evidence from a randomized evaluation","A Banerjee, E Duflo, R Glennerster, C Kinnan",NA,"0","2013"
"339","Michael Greenstone Rohini Pande Nicholas Ryan October 2013","E Duflo","The Quarterly Journal of Economics 1499 (1545), 1499, 2013","0","2013"
"340","DO LABOR MARKET POLICIES HAVE DISPLACEMENT EFFECTS? EVIDENCE FROM A CLUSTERED RANDOMIZED EXPERIMENT* Bruno Crepon","E Duflo, M Gurgand, R Rathelot, P Zamora","The Quarterly Journal of Economics 531, 580, 2013","0","2013"
"341","Impacts of School-Based HIV Education on Reported Behavior and Knowledge of Adolescent Girls, Evidence from Cameroon","E Duflo, P Dupas, J Seban, E Huillery","Sciences Po publications, 2012","0","2012"
"342","DP9251 Do Labor Market Policies Have Displacement Effects? Evidence from a Clustered Randomized Experiment","B Cr¨¦pon, E Duflo, M Gurgand, R Rathelot, P Zamora",NA,"0","2012"
"343","Marriage in modern India: does caste still matter for mate selection?","M Ghatak, A Banerjee, E Duflo, J Lafortune","South Asia@ LSE, 2012","0","2012"
"344","WEAC0105","P Dupas, V Sharma, G Makana, C Nekesa, E Duflo","Journal of the International Aids Society 15, 2012","0","2012"
"345","REPENSER LA PAUVRET¨¦","M Raffinot","Politique ¨¦trang¨¨re 77 (3), 689-690, 2012","0","2012"
"346","Repenser la pauvret¨¦","A Charpentier, D Meurs","Population (French Edition) 67 (4), 791-794, 2012","0","2012"
"347","Education and HIV/AIDS in western Kenya: results from a randomized trial assessing the long-term biological and behavioural impact of two school-based interventions","P Dupas, V Sharma, G Makana, C Nekesa, E Duflo","JOURNAL OF THE INTERNATIONAL AIDS SOCIETY 15, 148-149, 2012","0","2012"
"348","Report of the Editor: American Economic Journal: Applied Economics","E Duflo","American Economic Review 102 (3), 672-75, 2012","0","2012"
"349","American Economic Association","O Ashenfelter, A Krueger","The American Economic Review 102 (2), 617-642, 2012","0","2012"
"350","Repenser la pauvret¨¦","G ¨¦tienne","Revue Tiers Monde, 220-220, 2012","0","2012"
"351","Estimating the Benefit to Secondary School in Africa","E Duflo, P Dupas, M Kremer",NA,"0","2012"
"352","DP8874 On the Road: Access to Transportation Infrastructure and Economic Growth in China","A Banerjee, E Duflo, N Qian",NA,"0","2012"
"353","DOCUMENTO DE TRABAJO","A Banerjee, E Duflo, M Ghatak, J Lafortune","Santiago, 2012","0","2012"
"354","DP8869 Can Institutions Be Reformed from Within? Evidence from a Randomized Experiment with the Rajasthan Police","A Banerjee, R Chattopadhyay, E Duflo, D Keniston, N Singh",NA,"0","2012"
"355","Field Actions Science Reports","P Payer",NA,"0","2012"
"356","Les classes moyennes dans les pays ¨¦mergents","M Pezzini, AV BANERJEE, E DUFLO, C JUMA, JL ROCCA","Probl¨¨mes ¨¦conomiques (Paris), 5-43, 2012","0","2012"
"357","Qu'est-ce que la classe moyenne dans les pays du Sud? Journal of Economic Perspectives","AV Banerjee, E Duflo","Problemes Economiques, 10, 2012","0","2012"
"358","DP8734 Women's Empowerment and Economic Development","E Duflo",NA,"0","2012"
"359","DP8770 The Diffusion of Microfinance","A Banerjee, AG Chandrasekhar, E Duflo, MO Jackson",NA,"0","2012"
"360","The Evolution of Economic Science: Macroeconomics, Growth, and Development","D Acemoglu, P Diamond, E Duflo, RE Hall, RM Solow","MIT150 Symposia Series, 2011","0","2011"
"361","é_°k½UgÑ§ Development Economics ¤¤¤Þ¤â ¡¸ï|ðI¡¹ ¤Ë¿à¤·¤à¶à¤¯¤ÎÈË¤¿¤Á¤ò¾È¤¦¤³¤È¤Ï¤Ç¤­¤ë¤Î¤Ç¤·¤ç¤¦¤«?(¡¸ÐÂ¤·¤¤½UgÑ§¡¹ ¤Ø¤è¤¦¤³¤½.)--(NEW ECONOMICS ÐÂ¤·¤¤½UgÑ§)","A Banerjee, E Duflo","¥¯©`¥ê¥¨<U+30FB>¥¸¥ã¥Ý¥ó 7 (12), 28-31, 2011","0","2011"
"362","The End of Hunger [with REPLY]","D RIEFF, CO GRADA, A BANERJEE, E DUFLO","Foreign Policy, 10-11, 2011","0","2011"
"363","The Big Question: Paths Out of the Wilderness: How to Sustain the Global Economic Recovery","E Duflo, C Eltschinger, M Gorbis, TA Wise, JK Sundaram, E Asmah, ...","World Policy Journal 28 (1), 3-7, 2011","0","2011"
"364","DP8326 Happiness on Tap: Piped Water Adoption in Urban Morocco","F Devoto, E Duflo, P Dupas, W Parient¨¦, V Pons",NA,"0","2011"
"365","Happiness on Tap: Piped Water Adoption in Urban Morocco","V Pons, F Devoto, E Duflo, P Dupas, W Parient¨¦",NA,"0","2011"
"366","Comment on"" Requiescat in Pace? The Consequences of High Priced Funerals in South Africa""","E Duflo","Explorations in the Economics of Aging, 373-376, 2011","0","2011"
"367","Accompagnement des jeunes dipl<U+00F4>m¨¦s demandeurs d¡¯emploi par des op¨¦rateurs priv¨¦s de placement: les enseignements d¡¯une ¨¦valuation","E Duflo, B Cr¨¦pon, M Gurgand, R Rathelot, P Zamora","Dares, 2011","0","2011"
"368","4. Rethinking the Fight against Poverty","E Duflo, C Montialoux","Regards crois¨¦s sur l'¨¦conomie, 59-62, 2011","0","2011"
"369","Burton, WN, 37 Butcher, KF, 12, 35, 138, 249 Butsch, WS, 118 Caan, B., 37n5, 329 Canning, H., 285n3","M Caraher, D Card, A Carden, WS Carlos Poston, FJ Chaloupka, ...","Economic Aspects of Obesity, 385, 2011","0","2011"
"370","Factors that influence farmers decisions to adopt soil and water conservation practices its relationship to poverty in the micro-watersheds Guior, Guatemala and Ocote Tuma<U+00A0>¡­","M Cano","CATIE, Turrialba (Costa Rica), 2011","0","2011"
"371","Calis, JCJ, 347 Campbell, JY, 97 Case, A., 351, 352, 357n3, 370n8 Cattell, RB, 211","H Aaron, JT Abaluck, JH Abbring, J Ameriks, C Azzi, PB Bach, LC Baker, ...","Explorations in the Economics of Aging, 381, 2011","0","2011"
"372","On the Road","A Banerjee, E Duflo, N Qian",NA,"0","2010"
"373","Front Matter:(& John Pencavel: Distinguished Fellow)(pp. ivi)","EG Mendoza, A Mian, A Sufi, F Trebbi, MA Muendler, SO Becker, ...","American Economic Review 100 (5), 2010","0","2010"
"374","Mohamed Kamal Professor of Public Policy phone:(617) 384-5267 email: Rohini_Pande@ harvard. edu faculty url: http://www. hks. harvard. edu/about/faculty-staff-directory/rohini<U+00A0>¡­","R Pande","Annual Review of Economics 3, 215-237, 2010","0","2010"
"375","ENTRETIEN: Sortir de la pauvret¨¦ au XXI e si¨¨cle","E DUFLO, J ATTALI, MC BARB¨¦-CONTI","Revue des Deux Mondes, 33-42, 2010","0","2010"
"376","Evaluation des politiques de d¨¦veloppement","E DUFLO","UVT m¨¦diatheque, 2010","0","2010"
"377","Savoirs contre pauvret¨¦","E Duflo","L¡¯annuaire du Coll¨¨ge de France. Cours et travaux, 945-963, 2010","0","2010"
"378","DP7754 Giving Credit Where it is Due","A Banerjee, E Duflo",NA,"0","2010"
"379","¨¦valuation des politiques de d¨¦veloppement regards crois¨¦s: scientifiques et acteurs de terrain","E Duflo","La lettre du Coll¨¨ge de France, 27, 2009","0","2009"
"380","DP7402 Nudging Farmers to Utilize Fertilizer: Theory and Experimental Evidence from Kenya","E Duflo, M Kremer, J Robinson",NA,"0","2009"
"381","Chair Knowledge against Poverty¨CAcademic Year 2008-2009","E Duflo","La lettre du Coll¨¨ge de France, 18, 2009","0","2009"
"382","DP7300 Marry for What? Caste and Mate Selection in Modern India","A Banerjee, E Duflo, M Ghatak, J Lafortune",NA,"0","2009"
"383","Essays on contract theory and organizational economics","R Ke","Massachusetts Institute of Technology, 2009","0","2009"
"384","Case 2: Remedial Education in India","E Duflo, L Linden",NA,"0","2009"
"385","Essays in the economics of education and program evaluation","H Zhang","Massachusetts Institute of Technology, 2009","0","2009"
"386","Bilan/Essai-The experimental approach to development economics","AV Banerjee, E Duflo","Revue d'Economie Politique, 691, 2009","0","2009"
"387","Empirical essays on finance and development","JP Shapiro","Massachusetts Institute of Technology, 2009","0","2009"
"388","14.73 The Challenge of World Poverty, Fall 2009","D Donaldson, E Duflo",NA,"0","2009"
"389","Can political affirmative action for women reduce gender bias?","L Beaman, R Chattopadhyay, E Duflo, R Pande, P Topalova","Vox, 2009","0","2009"
"390","DP7043 Peer Effects, Teacher Incentives, and the Impact of Tracking: Evidence from a Randomized Evaluation in Kenya","E Duflo, P Dupas, M Kremer",NA,"0","2008"
"391","DP7037 The Experimental Approach to Development Economics","A Banerjee, E Duflo",NA,"0","2008"
"392","Powerful Women: Does Exposure Reduce Bias?","R Chattopadyay, E Duflo, R Pande, P Topalova","CID Working Papers, 2008","0","2008"
"393","DP6922 Powerful Women: Does Exposure Reduce Bias?","L Beaman, R Chattopadhyay, E Duflo, R Pande, P Topalova",NA,"0","2008"
"394","DP6781 Pitfalls of Participatory Programs: Evidence from a Randomized Evaluation in Education in India","A Banerjee, R Banerji, E Duflo, R Glennerster, S Khemani",NA,"0","2008"
"395","DP6682 Monitoring Works: Getting Teachers to Come to School","E Duflo, R Hanna, S Ryan",NA,"0","2008"
"396","Workers Remittances: An Important and Stable Source of External Development Finance.","D E. Adenutsi, CRK Ahortor, P Acosta, C Calderon, P Fajnzylber, H Lopez, ...","Journal of Applied Sciences 10 (4), pp: 45-71-pp: 45-71, 2008","0","2008"
"397","SAPI EN. S","E Duflo, M Greenstone, R Hanna",NA,"0","2008"
"398","Proceedings of the twenty-second annual congress of the European Economic Association: August 27-31, 2007: Budapest, Hungary","G Corsetti, European Economic Association","Cambridge: MIT Press, 2008 6, 255-726, 2008","0","2008"
"399","How to Spend $50 Billion to Make the World a Better Place","A Banerjee, A Deaton, E Duflo","Journal of Economic Literature 45 (4), 1044-1049, 2007","0","2007"
"400","DP6613 What is Middle Class about the Middle Classes Around the World?","A Banerjee, E Duflo",NA,"0","2007"
"401","Impact evaluation of Pratham¡¯s ¡°Learning to Read¡± and ¡°Reading to Learn¡± interventions","A Banerjee, R Banerji, M Chavan, E Duflo, M Walton",NA,"0","2007"
"402","Udaipur Health Study","A Banerjee, A Deaton, E Duflo",NA,"0","2007"
"403","Balsakhi","A Banerjee, S Cole, E Duflo, L Linden",NA,"0","2007"
"404","REMEDYING EDUCATION: EVIDENCE FROM TWO RANDOMIZED EXPERIMENTS IN INDIA* ABHIJIT V. BANERJEE SHAWN COLE","E DUFLO, L LINDEN","Technology 1235, 2007","0","2007"
"405","DAMS* ESTHER DUFLO AND ROHINI PANDE","E DUFLO","Technology 601, 2007","0","2007"
"406","DP6140 Long Run Impacts of Income Shocks: Wine and Phylloxera in 19th Century France","A Banerjee, E Duflo, G Postel-Vinay, T Watts",NA,"0","2007"
"407","Consumption and remittances in migrant households: Toward a productive use of remittances.","CRK Ahortor, DE Adenutsi, PA Acosta, EKK Lartey, FS Mandelman, ...","Journal of Applied Sciences 9 (18), 155-173, 2007","0","2007"
"408","DP6059 Using Randomization in Development Economics Research: A Toolkit","E Duflo, R Glennerster, M Kremer",NA,"0","2007"
"409","DP5968 The Economic Lives of the Poor","A Banerjee, E Duflo",NA,"0","2006"
"410","DP5446 Remedying Education: Evidence from Two Randomized Experiments in India","A Banerjee, S Cole, E Duflo, L Linden",NA,"0","2006"
"411","Relative risks and the market for sex: teenagers sugar daddies and HIV in Kenya. Draft.","P Dupas","[Unpublished] 2006 Aug., 2006","0","2006"
"412","THE ECONOMIC LIVES OF THE POOR DEVELOPMENT ECONOMICS and PUBLIC POLICY","A Banerjee, E Duflo","DISCUSSION PAPER SERIES-CENTRE FOR ECONOMIC POLICY RESEARCH LONDON 5968, 2006","0","2006"
"413","BREAD Policy Paper","E Duflo",NA,"0","2005"
"414","DP5426 Monitoring Works: Getting Teachers to Come to School","E Duflo, R Hanna",NA,"0","2005"
"415","1050 Massachusetts Avenue Cambridge, MA 02138 October 2005","E Duflo, R Pande",NA,"0","2005"
"416","DP5325 Dams","E Duflo, R Pande",NA,"0","2005"
"417","DP5332 Saving Incentives for Low-and Middle-Income Families: Evidence from a Field Experiment with H&R Block","E Duflo, W Gale, J Liebman, P Orszag, E Saez",NA,"0","2005"
"418","Understanding Technology Adoption: Fertilizer in Western Kenya Preliminary Results from Field Experiments (EXTREMELY PRELIMINARY AND INCOMPLETE) September 22, 2005","E Duflo, M Kremer, J Robinson",NA,"0","2005"
"419","The taxman cometh.","J Kounouwewa, D Chao, R Almeida, P Carneiro, E Aryeetey, E Aryeetey, ...","The International Journal of Applied Economics and Finance 5 (1), 1211-1221, 2005","0","2005"
"420","Assessing The Impact of Development Aid Programs: The Role of Randomized Evaluations","E Duflo","Revue d¡¯¨¦conomie du d¨¦veloppement 13 (2), 185-226, 2005","0","2005"
"421","14.74 Foundations of Development Policy Syllabus","E Duflo, A Banerjee",NA,"0","2005"
"422","Abel, A., 335n8 Adams, M., 208, 213 Adams, Peter, 217n3, 230, 235 Agarwala, SN, 360n3","C Ai, JG Altonji, J Ameriks, GF Anderson, T Anderson, O Attanasio, ...","Analyses in the economics of aging 1000, 417, 2005","0","2005"
"423","DP4681 Do Firms Want to Borrow More? Testing Credit Constraints Using a Directed Lending Program","A Banerjee, E Duflo",NA,"0","2004"
"424","Essays in development economics","D Chen","Massachusetts Institute of Technology, 2004","0","2004"
"425","14.74 Foundations of Development Policy, Spring 2004","E Duflo, A Banerjee",NA,"0","2004"
"426","POST-WASHINGTON CONSENSUS TASK FORCE REPORT","E DUFLO",NA,"0","2003"
"427","Distribution and Development: A New Look at the Developing World","E Duflo","Journal of Economic Literature 41 (3), 937, 2003","0","2003"
"428","IN ECONOMICS","E Duflo","Finance & Development, 4, 2003","0","2003"
"429","14.773 Political Economy of Institutions and Development","D Acemoglu, A Banerjee, E Duflo",NA,"0","2003"
"430","Bureau for Research in Economic Analysis of Development","E Duflo, R Chattopadhyay",NA,"0","2003"
"431","Women as policy makers: evidence from an India-wide randomized policy experiment. Revised.","R Chattopadhyay, E Duflo","Cambridge Massachusetts Massachusetts Institute of Technology [MIT] Poverty<U+00A0>¡­, 2003","0","2003"
"432","Development Economics Fall 2002","E Duflo, A Banerjee, M Kremer","Development, 2002","0","2002"
"433","Controlling the costs of HIV/AIDS management--unique management software to empower organisations to formulate and implement strategies best suited for their specific requirements.","B van Niekerk, N du Preez, B Katz","[Unpublished] 2002. Prepared for the IAEN Economics of HIV/AIDS in<U+00A0>¡­, 2002","0","2002"
"434","14.771 Development Economics: Microeconomic Issues and Policy Models, Fall 2002","E Duflo, A Banerjee, M Kremer",NA,"0","2002"
"435","American Economic Association","E Duflo","The American Economic Review 91 (4), 795-813, 2001","0","2001"
"436","The Economics of School Quality Investments in Developing Countries: An Empirical Study of Ghana","E Duflo","Journal of Economic Literature 39 (3), 927, 2001","0","2001"
"437","Boston University, Institute for Economic Development Discussion Paper","E Duflo","Policy 2001, 24, 2001","0","2001"
"438","Health Services Regional Management Project: mission report for March 19 to 30 2001. Proposed decentralization of the healthcare system in Morocco","T Bossert","[Rabat Morocco] John Snow [JSI] 2001 Jun 28., 2001","0","2001"
"439","The Economics of School Quality Investments in Developing Countries: An Empirical Study of Ghana","J Hoddinott","The Economic Journal 111 (469), 136-136, 2001","0","2001"
"440","GLEWWE, PAUL, WITH CONTRIBUTIONS BY JAIKISHAN DESAI, DEAN JOLLIFFE, RAYLYNN OLIVER AND WIM VIJBERGER. The Economics of School Quality Investments in Developing Countries: An<U+00A0>¡­","E Duflo","JOURNAL OF ECONOMIC LITERATURE 39 (3), 927-927, 2001","0","2001"
"441","The Impact of Agricultural Extension Services: The Case of Grape Production in Argentina.","M Ghorbani, JM Alston, MC Marra, PG Pardey, TJ Wyatt, D Birkhaeuser, ...","Journal of Applied Sciences 8 (20), 185-215, 2000","0","2000"
"442","Dani Rodrik ¡°The Past, Present, and Future of Economic Growth¡± Global Citizens Foundation, Working Paper 1, 2013. Lant Pritchett ¡°Divergence, Big Time.¡± Journal of Economic<U+00A0>¡­","A Banerjee, E Duflo, I Morris, A Deaton","Journal of Economic Perspectives 11, 3, 1997","0","1997"
"443","Industrial Restructuring in Russia. Early Reactions of Firms to the Shock of Liberalization","C Senik, E Duflo","DELTA (Ecole normale sup¨¦rieure), 1995","0","1995"
"444","Remittances and poverty nexus: Evidence from Pakistan.","D Emilson Adenutsi, RH Adams Jr, RH Adams Jr, RH Adams Jr, J Page, ...","The International Journal of Applied Economics and Finance 4 (1), 1645-1669, 1991","0","1991"
"445","Alleviating poverty with experimental research: The 2019 Nobel laureates","M Kremer, C Snyder, F Mashwama, S Baird, J Hicks, E Miguel, ...",NA,"0",NA
"446","Police Performance and Public Perception in Rajasthan, India","A Banerjee, D Keniston, E Duflo, R Chattopadhyay",NA,"0",NA
"447","Esther Duflo: 2010 John Bates Clark Medalist","E Duflo",NA,"0",NA
"448","Poor Economics: A Radical Rethinking of the Way to Fight Global Poverty","AV BANERJEE, E DUFLO",NA,"0",NA
"449","Voter bias and women in politics: Evidence from French parliamentary elections","M Bagues, P Campa, B Esteve-Volart, E Duflo, P Topalova, ...",NA,"0",NA
"450","Taxonomy Reading","AV Banerjee, A Garfinkel, AR Figueroa, AI Goldman, A Fagnant, ...",NA,"0",NA
"451","Electoral gender quotas fail to empower women","M Bagues, B Esteve-Volart, E Duflo, P Topalova, R Chattopadhyay, ...",NA,"0",NA
"452","Online Appendix for ¡°Double/Debiased/Neyman Machine Learning of Treatment Effects¡±","V Chernozhukov, D Chetverikov, M Demirer, E Duflo, C Hansen, ...",NA,"0",NA
"453","Job ladders and earnings of displaced workers","M Cortes, N Jaimovich, C Nekarda, H Siu, J Meer, J West, B Cr¨¦pon, ...",NA,"0",NA
"454","Fixed-term contracts hurt low-skilled workers in the long run","J Dolado, B Cr¨¦pon, E Duflo, M Gurgand, R Rathelot, P Zamora",NA,"0",NA
"455","France¡¯s weak economic performance: Sick of taxation?","B Cr¨¦pon, E Duflo, M Gurgand, R Rathelot, P Zamora, J Van Reenen, ...",NA,"0",NA
"456","Permuted Title Index","WB Gray, KK Charles, C Maignan, ME Page, S Girma, R Kneller, ...",NA,"0",NA
"457","Permuted Title Index","PA Grout, GJ Borjas, P Vermeulen, C Holthausen, M Mandler, P Bofinger, ...",NA,"0",NA
"458","Permuted Title Index","TH Kim, AM Vousten-Sweere, G Charness, A Cuxart Jardi, O Amat, ...",NA,"0",NA
"459","Aux urnes, pr¨¦cariat!","AV Banerjee, E Duflo",NA,"0",NA
"460","American Economic Journal","A GALEOTTI, BW ROGERS, A BANERJEE, E DUFLO, M GHATAK, ...",NA,"0",NA
"461","Economic Policy A","M AKBULUT-YUKSEL, M YUKSEL, N BENHASSINE, F DEVOTO, ...",NA,"0",NA
"462","Index by Author to Volume 22","FZ Ahmed, E Werker, KB Anderson, E Durbin, A Michael, AV Banerjee, ...",NA,"0",NA
"463","Index by Author to Volume 20","H David, MG Duggan, A Banerjee, E Duflo, RJ Barro, RM McCleary, G Bel, ...",NA,"0",NA
"464","Bernard Hoekman, Francis Ng, and Marcelo Olarreaga","NH Blunch, D Verner, PA Messerlin, D Bhattasali, L Shantong, W Martin, ...",NA,"0",NA
"465","MIT Dept. of Economics Working Papers Series Research and Teaching Output of the MIT Community","D Acemoglu, M Mostagir, A Ozdaglar, D Laibson, JA List, AV Banerjee, ...",NA,"0",NA
"466","JUSTINE S. HASTINGS AND JESSE M. SHAPIRO Fungibility and Consumer Choice: Evidence from Commodity Price Shocks 1449","E DUFLO, M GREENSTONE, R PANDE, N RYAN, I BEN-DAVID, ...",NA,"0",NA
"467","Morocco-Poverty and social impact analysis of the National Slum Upgrading Program","A Banerjee, E Duflo, R Banerji, R Glennerster, S Khemani","The World Bank, 0","0",NA
"468","Armenia-Third Social Investment Fund Project","A Banerjee, E Duflo, R Banerji, R Glennerster, S Khemani","The World Bank, 0","0",NA
"469","Ecuador-Agricultural Competitiveness and Sustainable Rural Development Project","A Banerjee, E Duflo, R Banerji, R Glennerster, S Khemani","The World Bank, 0","0",NA
"470","St. Lucia-Pilot for Organization of Eastern Caribbean States (OECS) Skills Enhancement for Inclusive Growth Project","A Banerjee, E Duflo, R Banerji, R Glennerster, S Khemani","The World Bank, 0","0",NA
"471","1) Paternalism against freedom: le ¡°devoir du patron¡± and the white man¡¯s burden","E Duflo",NA,"0",NA
"472","Econom¨ªa de la pobreza: repensando la lucha contra la pobreza global","AV Banerjee, E Duflo",NA,"0",NA
"473","Index by Author to Volume 24","D Acemoglu, JC Aker, IM Mbiti, JD Angrist, JS Pischke, AJ Auerbach, ...",NA,"0",NA
"474","Response to All-Party Parliamentary Group on Microfinance Call for Written Evidence","WAW Learning, A Banerjee, E Duflo, R Glennerster, C Kinnan",NA,"0",NA
"475","J-PAL Datasets Research and Teaching Output of the MIT Community","R Chattopadhyay, E Duflo, A Banerjee, A Deaton, R Hanna, S Cole, ...",NA,"0",NA
"476","Volume 128 May 2013 Issue 2","A ALESINA, P GIULIANO, N NUNN, B CR¨¦PON, E DUFLO, M GURGAND, ...",NA,"0",NA
"477","Economics (14)-Archived Research and Teaching Output of the MIT Community","J Angrist, C Walters, J Hausman, V Chernozhukov, P Diamond, G Ellison",NA,"0",NA
"478","Browsing Center for Energy and Environmental Policy Research by Title Research and Teaching Output of the MIT Community","RS Pindyck, J Currie, M Greenstone, E Moretti, MA Adelman, ER Berndt, ...",NA,"0",NA
"479","ALBERTO ALESINA, PAOLA GIULIANO, AND NATHAN NUNN","B CR¨¦, E DUFLO, M GURGAND, R RATHELOT, P ZAMORA, SJ DAVIS, ...",NA,"0",NA
"480","andornized Evaluations of interventions","E DUFLO, R GLENNERSTER, M KREMER",NA,"0",NA
"481","Economics and Population","AV BANERJEE, E DUFLO, S Paris, M MARUANI, M MERON, ...",NA,"0",NA
"482","Paper prepared for the AFD Conference, November 25, Paris","E Duflo",NA,"0",NA
"483","Improving Police Effectiveness: The Rajasthan Experiment","A Banerjee, E Duflo, D Keniston, N Singh",NA,"0",NA
"484","Why don¡¯t farmers use fertilizers: 2 Evidence from Field Experiments in Western Kenya 3 (PRELIMINARY AND INCOMPLETE) 4 April 29, 2006 5","E Duflo, M Kremer, J Robinson",NA,"0",NA
"485","Index by Author to Volume 21","S Anderson, M Baker, J Wurgler, AV Banerjee, E Duflo, E Basker, ...",NA,"0",NA
"486","II Acknowledgement to referees: 2000","R Cookson, J Covey, B Croxson, J Cullis, J Currie, B Davies, A Deaton, ...",NA,"0",NA
"487","Bibliographical note","P Angelelli, SE Anthony, K Basu, C Bell, E Bettinger, R Bruhns, ...",NA,"0",NA
"488","Brumberg, R., 282, 335n8","C Ai, JG Altonji, J Ameriks, GF Anderson, T Anderson, O Attanasio, ...","Gan 51 (11), 381n2-408, 0","0",NA
"489","Can political affirmative action for women reduce gender bias?","E Duflo, P Topalova, R Chattopadhyay, R Pande, L Beaman",NA,"0",NA
"490","AIDS prevention: Abstinence vs. risk reduction","E Duflo",NA,"0",NA
"491","Permuted Title Index","AN Berger, G Calzolari, G Brunello, J Currie, SB Carpenter, R Benabou, ...",NA,"0",NA
